{
  "image_id": "04ddd99e0fad1aeca36740eaacdf5607",
  "split": "train",
  "birads": "BI-RADS 4",
  "lesions": [
    {
      "type": "Suspicious Calcification",
      "class_id": 1,
      "category": "Calcification",
      "birads": "BI-RADS 4",
      "bbox_original": {
        "xmin": 2388.6499023438,
        "ymin": 2043.5200195312,
        "xmax": 2654.5900878906,
        "ymax": 2324.5700683594
      },
      "bbox_normalized": {
        "x_center": 0.9005785696847143,
        "y_center": 0.6208200807121376,
        "width": 0.0949786376952857,
        "height": 0.07988915543723707
      }
    },
    {
      "type": "Mass",
      "class_id": 0,
      "category": "Mass",
      "birads": "BI-RADS 4",
      "bbox_original": {
        "xmin": 2388.6499023438,
        "ymin": 2043.5200195312,
        "xmax": 2654.5900878906,
        "ymax": 2324.5700683594
      },
      "bbox_normalized": {
        "x_center": 0.9005785696847143,
        "y_center": 0.6208200807121376,
        "width": 0.0949786376952857,
        "height": 0.07988915543723707
      }
    }
  ]
}