{
  "image_id": "058e5f91678b4d3dac39bf1b6a798a22",
  "split": "train",
  "birads": "BI-RADS 4",
  "lesions": [
    {
      "type": "Suspicious Calcification",
      "class_id": 1,
      "category": "Calcification",
      "birads": "BI-RADS 4",
      "bbox_original": {
        "xmin": 182.0950012207,
        "ymin": 1976.6999511719,
        "xmax": 355.36999511719,
        "ymax": 2152.4099121094
      },
      "bbox_normalized": {
        "x_center": 0.09556632225069168,
        "y_center": 0.5766913216873324,
        "width": 0.061619841357215516,
        "height": 0.049080994675279266
      }
    },
    {
      "type": "Mass",
      "class_id": 0,
      "category": "Mass",
      "birads": "BI-RADS 4",
      "bbox_original": {
        "xmin": 182.0950012207,
        "ymin": 1976.6999511719,
        "xmax": 355.36999511719,
        "ymax": 2152.4099121094
      },
      "bbox_normalized": {
        "x_center": 0.09556632225069168,
        "y_center": 0.5766913216873324,
        "width": 0.061619841357215516,
        "height": 0.049080994675279266
      }
    }
  ]
}