{
  "image_id": "09d71ae86ca0383de5dcbcc40fa421ce",
  "split": "train",
  "birads": "BI-RADS 4",
  "lesions": [
    {
      "type": "Suspicious Calcification",
      "class_id": 1,
      "category": "Calcification",
      "birads": "BI-RADS 4",
      "bbox_original": {
        "xmin": 2349.7700195312,
        "ymin": 1735.8100585938,
        "xmax": 2587.4599609375,
        "ymax": 1960.9399414062
      },
      "bbox_normalized": {
        "x_center": 0.8816482107979822,
        "y_center": 0.5254050596930073,
        "width": 0.08488926478796432,
        "height": 0.06399371313598634
      }
    },
    {
      "type": "Mass",
      "class_id": 0,
      "category": "Mass",
      "birads": "BI-RADS 4",
      "bbox_original": {
        "xmin": 2349.7700195312,
        "ymin": 1735.8100585938,
        "xmax": 2587.4599609375,
        "ymax": 1960.9399414062
      },
      "bbox_normalized": {
        "x_center": 0.8816482107979822,
        "y_center": 0.5254050596930073,
        "width": 0.08488926478796432,
        "height": 0.06399371313598634
      }
    }
  ]
}