{
  "image_id": "17f5002ee3df64911781868016b10c36",
  "split": "train",
  "birads": "BI-RADS 4",
  "lesions": [
    {
      "type": "Architectural Distortion",
      "class_id": 0,
      "category": "Mass",
      "birads": "BI-RADS 4",
      "bbox_original": {
        "xmin": 515.02899169922,
        "ymin": 1339.0699462891,
        "xmax": 711.96697998047,
        "ymax": 1525.9100341797
      },
      "bbox_normalized": {
        "x_center": 0.21910642351423038,
        "y_center": 0.40718874082842527,
        "width": 0.07033499581473215,
        "height": 0.05310974641574756
      }
    },
    {
      "type": "Asymmetry",
      "class_id": 0,
      "category": "Mass",
      "birads": "BI-RADS 4",
      "bbox_original": {
        "xmin": 515.02899169922,
        "ymin": 1339.0699462891,
        "xmax": 711.96697998047,
        "ymax": 1525.9100341797
      },
      "bbox_normalized": {
        "x_center": 0.21910642351423038,
        "y_center": 0.40718874082842527,
        "width": 0.07033499581473215,
        "height": 0.05310974641574756
      }
    }
  ]
}