{
  "image_id": "2e62eeadcca2218c0aba4f2921a27153",
  "split": "train",
  "birads": "BI-RADS 4",
  "lesions": [
    {
      "type": "Suspicious Calcification",
      "class_id": 1,
      "category": "Calcification",
      "birads": "BI-RADS 4",
      "bbox_original": {
        "xmin": 2387.2299804688,
        "ymin": 1139.5600585938,
        "xmax": 2633.8500976562,
        "ymax": 1422.0400390625
      },
      "bbox_normalized": {
        "x_center": 0.8966214425223213,
        "y_center": 0.3640705084787237,
        "width": 0.08807861328121425,
        "height": 0.08029561696097215
      }
    },
    {
      "type": "Mass",
      "class_id": 0,
      "category": "Mass",
      "birads": "BI-RADS 4",
      "bbox_original": {
        "xmin": 2387.2299804688,
        "ymin": 1139.5600585938,
        "xmax": 2633.8500976562,
        "ymax": 1422.0400390625
      },
      "bbox_normalized": {
        "x_center": 0.8966214425223213,
        "y_center": 0.3640705084787237,
        "width": 0.08807861328121425,
        "height": 0.08029561696097215
      }
    }
  ]
}