{
  "image_id": "2ee7f36fd6e157b40d4f0326f6fcc0d2",
  "split": "train",
  "birads": "BI-RADS 4",
  "lesions": [
    {
      "type": "Suspicious Calcification",
      "class_id": 1,
      "category": "Calcification",
      "birads": "BI-RADS 4",
      "bbox_original": {
        "xmin": 516.52099609375,
        "ymin": 1825.9599609375,
        "xmax": 711.32800292969,
        "ymax": 1981.1999511719
      },
      "bbox_normalized": {
        "x_center": 0.21925874982561427,
        "y_center": 0.5410972018347641,
        "width": 0.06957393101283571,
        "height": 0.04412734230653781
      }
    },
    {
      "type": "Mass",
      "class_id": 0,
      "category": "Mass",
      "birads": "BI-RADS 4",
      "bbox_original": {
        "xmin": 516.52099609375,
        "ymin": 1825.9599609375,
        "xmax": 711.32800292969,
        "ymax": 1981.1999511719
      },
      "bbox_normalized": {
        "x_center": 0.21925874982561427,
        "y_center": 0.5410972018347641,
        "width": 0.06957393101283571,
        "height": 0.04412734230653781
      }
    }
  ]
}