{
  "image_id": "2efae215d67dd0ac64bc98a92e4be461",
  "split": "train",
  "birads": "BI-RADS 4",
  "lesions": [
    {
      "type": "Suspicious Calcification",
      "class_id": 1,
      "category": "Calcification",
      "birads": "BI-RADS 4",
      "bbox_original": {
        "xmin": 2231.5700683594,
        "ymin": 1564.1600341797,
        "xmax": 2435.0500488281,
        "ymax": 1745.6999511719
      },
      "bbox_normalized": {
        "x_center": 0.8333250209263393,
        "y_center": 0.4704178489698124,
        "width": 0.07267142159596429,
        "height": 0.05160316003189308
      }
    },
    {
      "type": "Architectural Distortion",
      "class_id": 0,
      "category": "Mass",
      "birads": "BI-RADS 4",
      "bbox_original": {
        "xmin": 2231.5700683594,
        "ymin": 1564.1600341797,
        "xmax": 2435.0500488281,
        "ymax": 1745.6999511719
      },
      "bbox_normalized": {
        "x_center": 0.8333250209263393,
        "y_center": 0.4704178489698124,
        "width": 0.07267142159596429,
        "height": 0.05160316003189308
      }
    }
  ]
}