{
  "image_id": "37a23b32dea999c01e4bc46901b21d67",
  "split": "train",
  "birads": "BI-RADS 4",
  "lesions": [
    {
      "type": "Suspicious Calcification",
      "class_id": 1,
      "category": "Calcification",
      "birads": "BI-RADS 4",
      "bbox_original": {
        "xmin": 2334.5300292969,
        "ymin": 1444.9200439453,
        "xmax": 2564.3400878906,
        "ymax": 1711.2600097656
      },
      "bbox_normalized": {
        "x_center": 0.8747982352120536,
        "y_center": 0.44857590302883743,
        "width": 0.08207502092632146,
        "height": 0.07570777880054008
      }
    },
    {
      "type": "Focal Asymmetry",
      "class_id": 0,
      "category": "Mass",
      "birads": "BI-RADS 4",
      "bbox_original": {
        "xmin": 2334.5300292969,
        "ymin": 1444.9200439453,
        "xmax": 2564.3400878906,
        "ymax": 1711.2600097656
      },
      "bbox_normalized": {
        "x_center": 0.8747982352120536,
        "y_center": 0.44857590302883743,
        "width": 0.08207502092632146,
        "height": 0.07570777880054008
      }
    }
  ]
}