{
  "image_id": "51e2448b06afa7492addc6e8a5fb3633",
  "split": "train",
  "birads": "BI-RADS 5",
  "lesions": [
    {
      "type": "Suspicious Calcification",
      "class_id": 1,
      "category": "Calcification",
      "birads": "BI-RADS 5",
      "bbox_original": {
        "xmin": 1503.7600097656,
        "ymin": 1543.5500488281,
        "xmax": 1886.1199951172,
        "ymax": 1931.8199462891
      },
      "bbox_normalized": {
        "x_center": 0.84241550817167,
        "y_center": 0.6179534130720483,
        "width": 0.1900397541508947,
        "height": 0.13807606595341404
      }
    },
    {
      "type": "Mass",
      "class_id": 0,
      "category": "Mass",
      "birads": "BI-RADS 5",
      "bbox_original": {
        "xmin": 1503.7600097656,
        "ymin": 1543.5500488281,
        "xmax": 1886.1199951172,
        "ymax": 1931.8199462891
      },
      "bbox_normalized": {
        "x_center": 0.84241550817167,
        "y_center": 0.6179534130720483,
        "width": 0.1900397541508947,
        "height": 0.13807606595341404
      }
    }
  ]
}