{
  "image_id": "7814ef105bbc93199c8e2577a3205990",
  "split": "train",
  "birads": "BI-RADS 4",
  "lesions": [
    {
      "type": "Asymmetry",
      "class_id": 0,
      "category": "Mass",
      "birads": "BI-RADS 4",
      "bbox_original": {
        "xmin": 2036.9599609375,
        "ymin": 1379.0600585938,
        "xmax": 2635.7299804688,
        "ymax": 1977.8299560547
      },
      "bbox_normalized": {
        "x_center": 0.8344089181082679,
        "y_center": 0.477102048699332,
        "width": 0.21384643554689287,
        "height": 0.17020179006847636
      }
    },
    {
      "type": "Mass",
      "class_id": 0,
      "category": "Mass",
      "birads": "BI-RADS 4",
      "bbox_original": {
        "xmin": 2036.9599609375,
        "ymin": 1379.0600585938,
        "xmax": 2635.7299804688,
        "ymax": 1977.8299560547
      },
      "bbox_normalized": {
        "x_center": 0.8344089181082679,
        "y_center": 0.477102048699332,
        "width": 0.21384643554689287,
        "height": 0.17020179006847636
      }
    }
  ]
}