{
  "image_id": "7a104d6589701c732ddf0c0a22ed68d2",
  "split": "train",
  "birads": "BI-RADS 4",
  "lesions": [
    {
      "type": "Skin Thickening",
      "class_id": 0,
      "category": "Mass",
      "birads": "BI-RADS 4",
      "bbox_original": {
        "xmin": 10.644300460815,
        "ymin": 1657.4100341797,
        "xmax": 674.76000976562,
        "ymax": 2639.5300292969
      },
      "bbox_normalized": {
        "x_center": 0.12239362682614911,
        "y_center": 0.6107077975378908,
        "width": 0.23718418189457321,
        "height": 0.2791699815569073
      }
    },
    {
      "type": "Focal Asymmetry",
      "class_id": 0,
      "category": "Mass",
      "birads": "BI-RADS 4",
      "bbox_original": {
        "xmin": 10.644300460815,
        "ymin": 1657.4100341797,
        "xmax": 674.76000976562,
        "ymax": 2639.5300292969
      },
      "bbox_normalized": {
        "x_center": 0.12239362682614911,
        "y_center": 0.6107077975378908,
        "width": 0.23718418189457321,
        "height": 0.2791699815569073
      }
    }
  ]
}