{
  "image_id": "7f702504f424839b37f42cd4f884c0b4",
  "split": "train",
  "birads": "BI-RADS 4",
  "lesions": [
    {
      "type": "Skin Thickening",
      "class_id": 0,
      "category": "Mass",
      "birads": "BI-RADS 4",
      "bbox_original": {
        "xmin": 84.808097839355,
        "ymin": 1368.8900146484,
        "xmax": 696.22998046875,
        "ymax": 2428.8200683594
      },
      "bbox_normalized": {
        "x_center": 0.1394710854121616,
        "y_center": 0.5397541334576179,
        "width": 0.2183649580819268,
        "height": 0.3012876787126208
      }
    },
    {
      "type": "Global Asymmetry",
      "class_id": 0,
      "category": "Mass",
      "birads": "BI-RADS 4",
      "bbox_original": {
        "xmin": 84.808097839355,
        "ymin": 1368.8900146484,
        "xmax": 696.22998046875,
        "ymax": 2428.8200683594
      },
      "bbox_normalized": {
        "x_center": 0.1394710854121616,
        "y_center": 0.5397541334576179,
        "width": 0.2183649580819268,
        "height": 0.3012876787126208
      }
    },
    {
      "type": "Nipple Retraction",
      "class_id": 0,
      "category": "Mass",
      "birads": "BI-RADS 4",
      "bbox_original": {
        "xmin": 84.808097839355,
        "ymin": 1368.8900146484,
        "xmax": 696.22998046875,
        "ymax": 2428.8200683594
      },
      "bbox_normalized": {
        "x_center": 0.1394710854121616,
        "y_center": 0.5397541334576179,
        "width": 0.2183649580819268,
        "height": 0.3012876787126208
      }
    }
  ]
}