{
  "image_id": "8ccbc18df717a107769beedde21a14a3",
  "split": "train",
  "birads": "BI-RADS 5",
  "lesions": [
    {
      "type": "Suspicious Calcification",
      "class_id": 1,
      "category": "Calcification",
      "birads": "BI-RADS 5",
      "bbox_original": {
        "xmin": 446.2200012207,
        "ymin": 1425.5200195312,
        "xmax": 804.68103027344,
        "ymax": 1880.1700439453
      },
      "bbox_normalized": {
        "x_center": 0.22337518419538213,
        "y_center": 0.4698251937857447,
        "width": 0.12802179609026426,
        "height": 0.12923536794033547
      }
    },
    {
      "type": "Mass",
      "class_id": 0,
      "category": "Mass",
      "birads": "BI-RADS 5",
      "bbox_original": {
        "xmin": 446.2200012207,
        "ymin": 1425.5200195312,
        "xmax": 804.68103027344,
        "ymax": 1880.1700439453
      },
      "bbox_normalized": {
        "x_center": 0.22337518419538213,
        "y_center": 0.4698251937857447,
        "width": 0.12802179609026426,
        "height": 0.12923536794033547
      }
    }
  ]
}