{
  "image_id": "93ed0aed7d5768f948fcc46861b4123e",
  "split": "train",
  "birads": "BI-RADS 4",
  "lesions": [
    {
      "type": "Suspicious Calcification",
      "class_id": 1,
      "category": "Calcification",
      "birads": "BI-RADS 4",
      "bbox_original": {
        "xmin": 182.54200744629,
        "ymin": 1755.4699707031,
        "xmax": 337.0419921875,
        "ymax": 1869.3599853516
      },
      "bbox_normalized": {
        "x_center": 0.0927828570774625,
        "y_center": 0.515183336562635,
        "width": 0.05517856597900357,
        "height": 0.03237351183868675
      }
    },
    {
      "type": "Mass",
      "class_id": 0,
      "category": "Mass",
      "birads": "BI-RADS 4",
      "bbox_original": {
        "xmin": 182.54200744629,
        "ymin": 1755.4699707031,
        "xmax": 337.0419921875,
        "ymax": 1869.3599853516
      },
      "bbox_normalized": {
        "x_center": 0.0927828570774625,
        "y_center": 0.515183336562635,
        "width": 0.05517856597900357,
        "height": 0.03237351183868675
      }
    }
  ]
}