{
  "image_id": "9b02648262402328fc7e5bbaf4723a89",
  "split": "train",
  "birads": "BI-RADS 4",
  "lesions": [
    {
      "type": "Nipple Retraction",
      "class_id": 0,
      "category": "Mass",
      "birads": "BI-RADS 4",
      "bbox_original": {
        "xmin": 424.65701293945,
        "ymin": 1211.3199462891,
        "xmax": 684.82202148438,
        "ymax": 1571.5400390625
      },
      "bbox_normalized": {
        "x_center": 0.1981212561471125,
        "y_center": 0.39551733731546335,
        "width": 0.09291607448033215,
        "height": 0.10239343171500853
      }
    },
    {
      "type": "Skin Thickening",
      "class_id": 0,
      "category": "Mass",
      "birads": "BI-RADS 4",
      "bbox_original": {
        "xmin": 424.65701293945,
        "ymin": 1211.3199462891,
        "xmax": 684.82202148438,
        "ymax": 1571.5400390625
      },
      "bbox_normalized": {
        "x_center": 0.1981212561471125,
        "y_center": 0.39551733731546335,
        "width": 0.09291607448033215,
        "height": 0.10239343171500853
      }
    },
    {
      "type": "Mass",
      "class_id": 0,
      "category": "Mass",
      "birads": "BI-RADS 4",
      "bbox_original": {
        "xmin": 424.65701293945,
        "ymin": 1211.3199462891,
        "xmax": 684.82202148438,
        "ymax": 1571.5400390625
      },
      "bbox_normalized": {
        "x_center": 0.1981212561471125,
        "y_center": 0.39551733731546335,
        "width": 0.09291607448033215,
        "height": 0.10239343171500853
      }
    }
  ]
}