{
  "image_id": "9ca728553d6b22dbce7e5af4eb380424",
  "split": "train",
  "birads": "BI-RADS 4",
  "lesions": [
    {
      "type": "Suspicious Calcification",
      "class_id": 1,
      "category": "Calcification",
      "birads": "BI-RADS 4",
      "bbox_original": {
        "xmin": 2.2159399986267005,
        "ymin": 1122.6899414062,
        "xmax": 553.63598632812,
        "ymax": 1748.8800048828
      },
      "bbox_normalized": {
        "x_center": 0.0988356910253817,
        "y_center": 0.40105725506829604,
        "width": 0.19609532230778565,
        "height": 0.17491342555212291
      }
    },
    {
      "type": "Mass",
      "class_id": 0,
      "category": "Mass",
      "birads": "BI-RADS 4",
      "bbox_original": {
        "xmin": 2.2159399986267005,
        "ymin": 1122.6899414062,
        "xmax": 553.63598632812,
        "ymax": 1748.8800048828
      },
      "bbox_normalized": {
        "x_center": 0.0988356910253817,
        "y_center": 0.40105725506829604,
        "width": 0.19609532230778565,
        "height": 0.17491342555212291
      }
    }
  ]
}