{
  "image_id": "9e4bc855fbb17bfb00ee212112c69137",
  "split": "train",
  "birads": "BI-RADS 5",
  "lesions": [
    {
      "type": "Architectural Distortion",
      "class_id": 0,
      "category": "Mass",
      "birads": "BI-RADS 5",
      "bbox_original": {
        "xmin": 1220.9299363057328,
        "ymin": 909.4720452937016,
        "xmax": 1881.640481245577,
        "ymax": 1371.1733899504602
      },
      "bbox_normalized": {
        "x_center": 0.7710165053556932,
        "y_center": 0.4055201698513802,
        "width": 0.3283849626937595,
        "height": 0.16418966737438073
      }
    },
    {
      "type": "Mass",
      "class_id": 0,
      "category": "Mass",
      "birads": "BI-RADS 5",
      "bbox_original": {
        "xmin": 1220.9299363057328,
        "ymin": 909.4720452937016,
        "xmax": 1881.640481245577,
        "ymax": 1371.1733899504602
      },
      "bbox_normalized": {
        "x_center": 0.7710165053556932,
        "y_center": 0.4055201698513802,
        "width": 0.3283849626937595,
        "height": 0.16418966737438073
      }
    }
  ]
}