{
  "image_id": "9f65a2368a5df60f1910d687067ced3b",
  "split": "train",
  "birads": "BI-RADS 4",
  "lesions": [
    {
      "type": "Suspicious Calcification",
      "class_id": 1,
      "category": "Calcification",
      "birads": "BI-RADS 4",
      "bbox_original": {
        "xmin": 432.83401489258,
        "ymin": 1582.4699707031,
        "xmax": 683.30102539062,
        "ymax": 1762.0200195312
      },
      "bbox_normalized": {
        "x_center": 0.19930982862199997,
        "y_center": 0.475339680249332,
        "width": 0.0894525037493,
        "height": 0.05103753519843657
      }
    },
    {
      "type": "Mass",
      "class_id": 0,
      "category": "Mass",
      "birads": "BI-RADS 4",
      "bbox_original": {
        "xmin": 432.83401489258,
        "ymin": 1582.4699707031,
        "xmax": 683.30102539062,
        "ymax": 1762.0200195312
      },
      "bbox_normalized": {
        "x_center": 0.19930982862199997,
        "y_center": 0.475339680249332,
        "width": 0.0894525037493,
        "height": 0.05103753519843657
      }
    }
  ]
}