{
  "image_id": "a5531d44882d34c7ce26fbfe79209812",
  "split": "train",
  "birads": "BI-RADS 4",
  "lesions": [
    {
      "type": "Suspicious Calcification",
      "class_id": 1,
      "category": "Calcification",
      "birads": "BI-RADS 4",
      "bbox_original": {
        "xmin": 323.18499755859,
        "ymin": 2023.1999511719,
        "xmax": 519.82702636719,
        "ymax": 2192.5300292969
      },
      "bbox_normalized": {
        "x_center": 0.15053786141531786,
        "y_center": 0.5991657163827174,
        "width": 0.07022929600307143,
        "height": 0.048132483833143835
      }
    },
    {
      "type": "Mass",
      "class_id": 0,
      "category": "Mass",
      "birads": "BI-RADS 4",
      "bbox_original": {
        "xmin": 323.18499755859,
        "ymin": 2023.1999511719,
        "xmax": 519.82702636719,
        "ymax": 2192.5300292969
      },
      "bbox_normalized": {
        "x_center": 0.15053786141531786,
        "y_center": 0.5991657163827174,
        "width": 0.07022929600307143,
        "height": 0.048132483833143835
      }
    }
  ]
}