{
  "image_id": "be2e2073d9caf3b04b697846ecdcccb6",
  "split": "train",
  "birads": "BI-RADS 4",
  "lesions": [
    {
      "type": "Suspicious Calcification",
      "class_id": 1,
      "category": "Calcification",
      "birads": "BI-RADS 4",
      "bbox_original": {
        "xmin": 258.97299194336,
        "ymin": 1845.3599853516,
        "xmax": 532.91900634766,
        "ymax": 2017.5699462891
      },
      "bbox_normalized": {
        "x_center": 0.1414092854091107,
        "y_center": 0.549023583234892,
        "width": 0.09783786228725,
        "height": 0.048951097480812944
      }
    },
    {
      "type": "Mass",
      "class_id": 0,
      "category": "Mass",
      "birads": "BI-RADS 4",
      "bbox_original": {
        "xmin": 258.97299194336,
        "ymin": 1845.3599853516,
        "xmax": 532.91900634766,
        "ymax": 2017.5699462891
      },
      "bbox_normalized": {
        "x_center": 0.1414092854091107,
        "y_center": 0.549023583234892,
        "width": 0.09783786228725,
        "height": 0.048951097480812944
      }
    }
  ]
}