{
  "image_id": "c8d0f2ace6a0b244914bfeccaa0d50ff",
  "split": "train",
  "birads": "BI-RADS 4",
  "lesions": [
    {
      "type": "Suspicious Calcification",
      "class_id": 1,
      "category": "Calcification",
      "birads": "BI-RADS 4",
      "bbox_original": {
        "xmin": 145.15800476074,
        "ymin": 1326.3699951172,
        "xmax": 529.42297363281,
        "ymax": 1644.9200439453
      },
      "bbox_normalized": {
        "x_center": 0.16763940814949055,
        "y_center": 0.5283232644136735,
        "width": 0.19098656504576045,
        "height": 0.11328237867286622
      }
    },
    {
      "type": "Focal Asymmetry",
      "class_id": 0,
      "category": "Mass",
      "birads": "BI-RADS 4",
      "bbox_original": {
        "xmin": 145.15800476074,
        "ymin": 1326.3699951172,
        "xmax": 529.42297363281,
        "ymax": 1644.9200439453
      },
      "bbox_normalized": {
        "x_center": 0.16763940814949055,
        "y_center": 0.5283232644136735,
        "width": 0.19098656504576045,
        "height": 0.11328237867286622
      }
    }
  ]
}