{
  "image_id": "ca05b9106baff5384aecc1ea3ae70ff6",
  "split": "train",
  "birads": "BI-RADS 5",
  "lesions": [
    {
      "type": "Suspicious Calcification",
      "class_id": 1,
      "category": "Calcification",
      "birads": "BI-RADS 5",
      "bbox_original": {
        "xmin": 2140.6999511719,
        "ymin": 1222.0899658203,
        "xmax": 2787.3701171875,
        "ymax": 1795.3499755859
      },
      "bbox_normalized": {
        "x_center": 0.8800125122070357,
        "y_center": 0.42885729695938035,
        "width": 0.2309536307198572,
        "height": 0.1629505428554861
      }
    },
    {
      "type": "Mass",
      "class_id": 0,
      "category": "Mass",
      "birads": "BI-RADS 5",
      "bbox_original": {
        "xmin": 2140.6999511719,
        "ymin": 1222.0899658203,
        "xmax": 2787.3701171875,
        "ymax": 1795.3499755859
      },
      "bbox_normalized": {
        "x_center": 0.8800125122070357,
        "y_center": 0.42885729695938035,
        "width": 0.2309536307198572,
        "height": 0.1629505428554861
      }
    }
  ]
}