{
  "image_id": "d15dc650c9595e5ac5c1b5e253761905",
  "split": "train",
  "birads": "BI-RADS 4",
  "lesions": [
    {
      "type": "Suspicious Calcification",
      "class_id": 1,
      "category": "Calcification",
      "birads": "BI-RADS 4",
      "bbox_original": {
        "xmin": 94.94750213623,
        "ymin": 1500.7600097656,
        "xmax": 640.29498291016,
        "ymax": 1934.5200195312
      },
      "bbox_normalized": {
        "x_center": 0.13129330090114108,
        "y_center": 0.4882433242320637,
        "width": 0.1947669574192607,
        "height": 0.12329733080318361
      }
    },
    {
      "type": "Focal Asymmetry",
      "class_id": 0,
      "category": "Mass",
      "birads": "BI-RADS 4",
      "bbox_original": {
        "xmin": 94.94750213623,
        "ymin": 1500.7600097656,
        "xmax": 640.29498291016,
        "ymax": 1934.5200195312
      },
      "bbox_normalized": {
        "x_center": 0.13129330090114108,
        "y_center": 0.4882433242320637,
        "width": 0.1947669574192607,
        "height": 0.12329733080318361
      }
    }
  ]
}