{
  "image_id": "de0938995163311b26eaee4155b8d111",
  "split": "train",
  "birads": "BI-RADS 4",
  "lesions": [
    {
      "type": "Suspicious Calcification",
      "class_id": 1,
      "category": "Calcification",
      "birads": "BI-RADS 4",
      "bbox_original": {
        "xmin": 1314.8599853516,
        "ymin": 1499.0500488281,
        "xmax": 1464.6199951172,
        "ymax": 1649.1300048828
      },
      "bbox_normalized": {
        "x_center": 0.6907256412695826,
        "y_center": 0.5597759697209993,
        "width": 0.07443340445606361,
        "height": 0.05337125037507118
      }
    },
    {
      "type": "Mass",
      "class_id": 0,
      "category": "Mass",
      "birads": "BI-RADS 4",
      "bbox_original": {
        "xmin": 1314.8599853516,
        "ymin": 1499.0500488281,
        "xmax": 1464.6199951172,
        "ymax": 1649.1300048828
      },
      "bbox_normalized": {
        "x_center": 0.6907256412695826,
        "y_center": 0.5597759697209993,
        "width": 0.07443340445606361,
        "height": 0.05337125037507118
      }
    }
  ]
}