{
  "image_id": "dedfb81e153d26380398a5fae3e9faad",
  "split": "train",
  "birads": "BI-RADS 4",
  "lesions": [
    {
      "type": "Suspicious Calcification",
      "class_id": 1,
      "category": "Calcification",
      "birads": "BI-RADS 4",
      "bbox_original": {
        "xmin": -26.844999313354,
        "ymin": 983.76202392578,
        "xmax": 328.93600463867,
        "ymax": 1438.2700195312
      },
      "bbox_normalized": {
        "x_center": 0.05848790978639225,
        "y_center": 0.33827263176773464,
        "width": 0.1169758195727845,
        "height": 0.126957540671905
      }
    },
    {
      "type": "Mass",
      "class_id": 0,
      "category": "Mass",
      "birads": "BI-RADS 4",
      "bbox_original": {
        "xmin": -26.844999313354,
        "ymin": 983.76202392578,
        "xmax": 328.93600463867,
        "ymax": 1438.2700195312
      },
      "bbox_normalized": {
        "x_center": 0.05848790978639225,
        "y_center": 0.33827263176773464,
        "width": 0.1169758195727845,
        "height": 0.126957540671905
      }
    }
  ]
}