{
  "image_id": "df4b1cfb384dab76abc34cc4db0f5b30",
  "split": "train",
  "birads": "BI-RADS 4",
  "lesions": [
    {
      "type": "Suspicious Calcification",
      "class_id": 1,
      "category": "Calcification",
      "birads": "BI-RADS 4",
      "bbox_original": {
        "xmin": 137.66400146484,
        "ymin": 2327.8898925781,
        "xmax": 328.99398803711,
        "ymax": 2508.9099121094
      },
      "bbox_normalized": {
        "x_center": 0.08333178383963394,
        "y_center": 0.6874360154473422,
        "width": 0.06833213806152501,
        "height": 0.051455377922484447
      }
    },
    {
      "type": "Mass",
      "class_id": 0,
      "category": "Mass",
      "birads": "BI-RADS 4",
      "bbox_original": {
        "xmin": 137.66400146484,
        "ymin": 2327.8898925781,
        "xmax": 328.99398803711,
        "ymax": 2508.9099121094
      },
      "bbox_normalized": {
        "x_center": 0.08333178383963394,
        "y_center": 0.6874360154473422,
        "width": 0.06833213806152501,
        "height": 0.051455377922484447
      }
    }
  ]
}