{
  "image_id": "e13c80239d7714e3d964b5f3e37bcff6",
  "split": "train",
  "birads": "BI-RADS 4",
  "lesions": [
    {
      "type": "Suspicious Calcification",
      "class_id": 1,
      "category": "Calcification",
      "birads": "BI-RADS 4",
      "bbox_original": {
        "xmin": 2241.3100585938,
        "ymin": 1548.1700439453,
        "xmax": 2646.8601074219,
        "ymax": 2007.2299804688
      },
      "bbox_normalized": {
        "x_center": 0.8728875296456606,
        "y_center": 0.505315523651805,
        "width": 0.14483930315289284,
        "height": 0.13048889611242187
      }
    },
    {
      "type": "Mass",
      "class_id": 0,
      "category": "Mass",
      "birads": "BI-RADS 4",
      "bbox_original": {
        "xmin": 2241.3100585938,
        "ymin": 1548.1700439453,
        "xmax": 2646.8601074219,
        "ymax": 2007.2299804688
      },
      "bbox_normalized": {
        "x_center": 0.8728875296456606,
        "y_center": 0.505315523651805,
        "width": 0.14483930315289284,
        "height": 0.13048889611242187
      }
    }
  ]
}